-0.374838703830395,0.8982530994154511,0.7770058112433307,-1.7449176440484235,-0.3296900451108425,0.6016504050468471,-1.3241268511754378,-2.2818463538379663,0.1860201771682501,0.06146949352606498,0.5438973804776529,0.263456235527692,-1.050403204981949,-0.5827259683287876,0.8404375702291572,-0.7794951222910986,-0.30482210230941925,0.9936667238063873,-0.00025249112818139283,-0.1344467700950678,0.06560707646811163,-0.7204958495365853,0.18253952481638888,-0.5556382396898715,-1.449423724658208,-1.3661530442112706,0.18976064818674776,-0.04093946500292109,0.15161113484355007,-0.4733218927199068,-0.34134184868566186,-0.3197179833666342,0.11973144612574231,1.6151829930157786,-0.7261857648465926,-0.33039247681441813,0.4604471920532086,0.24766227323499598,-0.32414934557160513,-0.8196470583356316,0.6116237920938002,0.794579742125188,-0.9456126283964125,1.5842350891995058,0.994378027794678,1.8594824856687673,-1.2970355940828717,-0.9647643342931477,-0.11512910547369172,1.5169469141366352,0.5971031319988552,1.381935203152111,1.0963477480141055,-0.36709834627833066,-1.7306110579669067,0.34822178694747996,-0.6016718151255377,-0.46929507713304325,-1.463578789191297,-0.7079452724745989,1.6947519044063861,-1.0390617925217103,0.66801900534038,0.6564388775284872,-1.6204702142751097,1.3498484686865608,-1.2383281213507256,1.3879285518952134,1.2362745043117618,0.13548190752822886,-0.3813596316509777,-1.011206804733203,0.9050539237241407,0.34277319353648394,0.2932967037035839,1.3997924315290204,-1.7165843374092662,-0.6574023566500959,-0.5746654532071026,-0.0381687414479715,-0.9902397124198645,-0.7732327374172641,-1.0164009287289326,-0.22850088872904717,-0.020208328272794042,-0.9827829303005158,0.4232819820120137,-2.208482643930681,1.8131960671887795,-0.017850610446831776,1.1043238735457734,-2.3130782942940455,0.05124955107813374,-0.912609976199037,0.6689106149613129,0.5887047364989759,-2.3036778737144745,-0.5791205278604623,2.068815107768047,0.03894829943979136,-0.873909328246027,0.016399931789774988,0.8301638096313246,-1.5390413397860132,1.765170371632373,-1.0091523469353465,-0.08810437573499688,1.4590033097531283,-1.6555952923419843,-0.8093492784879748,-0.015744325338720642,-1.849117074191904,1.239399151048245,-1.4281063229760544,-0.4724371664021844,-1.4323044486920968,0.9663640269467928,-2.2889984435188833,0.780769172940896,0.28929900935171515,-1.7823253076070469,-1.0587557440649698,-0.2549300984302228,1.3034634183882239,0.8305414288965406,0.419044805901175,0.4449073251891299,-0.45772889613695383,-0.2276119175688402,-0.015617191117991302,0.1396914777422904,0.8355613521701701,-1.2396895105212813,1.2406579924739087,-0.24120717207404543,0.5289632251050231,-0.1077037383490981,2.1784612178425613,-0.9904519013853387,-0.20264910186528237,0.6194905008990382,0.38028886997972167,-1.3051538026068297,-1.4410226831934665,-1.1191235771273775,0.5071323663260241,-1.0298315065578405,0.08207816362417916,1.7699044322802677,-0.3929630127742986,-1.5030763196455472,0.23035109805234008,-0.1567290763834096,-0.39365529608969163,1.060862914948746,0.6999128100557522,0.6186746186017271,-0.4657196580741362,0.9960249704605306,-1.9079436620597285,0.08122911428937866,0.3682217437512719,0.4590607606261402,0.23599711751239646,2.358125284833756,-0.262398151917801,0.1972467386778161,-0.21453409666026363,-0.20567680112286912,1.1780263287024446,0.6520031493417041,-0.7915320424501888,0.5913743315007264,-0.1752818253013313,-0.7003370979024492,-1.6092767034187008,0.12413028170360638,1.121410944133091,1.1594803705841847,-1.0558198216654213,-0.02630835932426737,-2.198237327124772,-0.0927364264250668,0.9500173749225499,-0.814737964986183,-0.7559330461057266,0.818667102743602
0.968180162867124,0.39118682559201706,2.121928069206878,3.0373196128558475,-0.33869837059941155,-1.0124081879508344,-1.8263602233363756,0.08965835798576695,-0.3254951515914593,-0.004523757463999632,-1.806737593590805,0.595481220159479,-0.852683400958472,-0.5202571842445219,-0.02175756957731618,1.2256061025145446,-1.182863267594844,-1.0419216497361565,-0.08101410648697449,1.0038384451698268,0.37114710889342756,0.1455162422068467,0.7827696296304508,-1.220980790956199,-0.27175712218671083,-2.020264094877785,0.024078725298045108,0.32282199595236255,-0.17615653610730297,0.6668234388286683,1.133446201681523,1.3973422969728326,1.281464950873465,0.11534117580929056,-0.4491244788503057,0.8304014312743172,0.009510304394066124,0.14271930210322534,-0.17616879130601662,0.9893648974825622,0.862211293153923,0.22217789560504816,0.6739771720804102,-0.2392109108333305,1.6937249099748983,1.4238402632061713,-0.5127290473280248,-2.160678402687203,-1.0223428854374799,1.722913340439767,-0.5771240331068788,1.1579551953686371,0.3937292397065466,1.9171880083288615,-0.2793989973726882,-0.573822249759072,-0.21704590892882158,-1.2343990176297208,1.1091939705906217,0.9114661399368128,-0.181621402643152,-0.6883791402586893,-0.7091933783655326,-0.13474834090579418,0.5724045260552247,-1.894356484927215,-0.2412950656510878,-0.03367161258364388,0.9522863891737627,-1.1084489288655037,-2.0442345318177564,-0.9927943066107806,-0.4396723311873186,1.3087684735947958,-2.405791613036714,0.1300110660033007,0.130313597386857,-0.8054548800263428,-1.435411933496382,-0.045945194733282374,-0.11586900549763632,-3.682516799770196,-0.4900844458640938,-0.6680738516906094,0.315374990534727,0.3326213937906492,0.43677087972187384,1.273522158123219,-2.1992862892459586,1.733634442775618,-0.8750367794955146,-1.22496193528264,0.6471621743307783,-0.09610600966251727,-0.07615240126843831,-1.1884207921532113,0.45417370707703664,0.35122321613658,-0.7637745131321045,-0.8284280868788061,1.812982484920333,0.6792994648348837,1.7302801828543026,0.23525262409841652,-0.1287981327603831,0.4611456616910558,-1.0039797850319028,-0.1253110717617041,0.10391325798434137,-2.09787364493088,0.9139028849903287,1.6563692437606088,-0.6988801400932282,0.8153309621025019,0.8940548229257284,-2.1749144102127205,-1.596517298660024,-1.0373772817997131,-0.09864205378319424,1.0720073166755721,-0.2327874059559758,0.4315850245302483,-1.407620259171776,-1.0158341468096872,0.9544765205585549,-0.30801375001089076,0.6337142649067321,0.11249574040206158,-1.4382817862517325,0.9610761938769395,-0.2740915963407476,1.4417179407611203,1.140702092353444,0.08826536831245631,-1.8335576337970423,-0.3119817080325402,0.8795142193173575,-0.5739880655894452,0.17935647839859514,-0.8673866146045354,-0.284222222282163,-2.5822406330550445,0.5491697563868894,-0.2435469270558427,-3.494014630266081,-0.19499943476201548,-0.15061042560305649,-0.6262113729308486,-2.7154216015626162,-1.1761572604753525,0.6124868750437888,-0.42175908342182605,-0.63239588800524,0.3989286571509456,0.07067817599142663,-0.1710795160391605,0.23597882463351216,1.9925140831902308,-0.43150323493866594,0.5961000049232722,-1.1242541045786476,-0.5127924083978812,1.7952049770948901,2.0026786805327492,-1.9649954250309265,1.0386211125680007,0.012554536696105578,0.22745069384942745,1.0930299356616373,0.3761694823068125,1.8442118611306004,0.15493934472595214,-0.5247610932679522,-0.42512850181226025,1.3056824641109799,-0.41119286590858173,-0.7077258925860558,0.6907865338032912,1.155780973160885,-1.6074176962617597,1.3827786284155685,1.4012728834200499,0.0607557877883123,-0.31601773214764706,-0.3409960669085237,-0.10895372396242999,-0.7356604796342742
0.4773863586770886,0.31309730181397327,-0.9245377246805772,1.436741785041792,-0.8470797743467989,0.48832306083533344,1.3500375938505988,-2.2222932138035243,0.8158737556783119,-0.7218237724476249,0.8309961441918663,0.10471677523468947,-1.088215406235976,-0.8580632455375666,-1.5875886235899244,-0.10148192710703534,-1.195161790710077,-1.29676451365007,0.46044550994456923,-0.39437873807398016,-1.391423510063355,0.777039315815345,1.3030602909209712,0.054903999850157016,-1.4198930304980109,2.69135501670476,-1.16509919585875,0.08381745759542715,-2.128531598402039,-1.9192320472776527,0.07876337613810926,0.9383354130753534,-0.1717767485539476,0.8528728406040583,-1.6569767302355893,-0.8154959911608118,-0.5783445123583226,-0.17550575303108673,0.31805408472089114,1.2032271074537264,-0.11362408054150279,0.975646538868093,0.5108247422710125,1.2385506226651815,1.5608678124910174,-0.5244508647912145,1.2108448113426737,-0.2994926477391276,-1.4592912915759637,-0.8900476857138749,-0.8725579958693968,0.056888666293970866,-0.16517158936323306,0.113640240992077,-1.827516138792991,1.5401047371916097,-1.024801973662494,-0.802519509188094,0.7301189365824959,-0.9327586331329524,2.42843168739486,-1.076065697618768,-0.1310791170094062,-0.49210180000596737,0.412432894688343,-0.9782556618174004,-0.6002849971486457,-0.008235351292762528,0.35379129855841646,-1.67321404530956,0.0259000158083412,0.3999335489728846,-1.442955521915967,1.374487948853542,-1.2689693996292741,-0.8872115979534717,-1.2954569914570582,0.4617467688738434,-0.650945206389766,0.26174093029386336,-0.517323581487362,1.9704963038230605,1.8215416629795056,-0.744785442675603,-1.9470404576586289,1.8611277092285237,-1.2636957519935992,-0.049683047389763084,-0.5310212705010644,-0.7334129126683303,-0.23935703964004526,-0.29789982554569105,-1.4283446064788639,-0.7151077505028101,1.6296631104249215,0.05090822195000163,-1.9441615752083574,0.7119565623629565,1.3025350119702932,-1.09745686770719,1.226638557580554,1.0200220096364676,-1.0701479110234284,1.4076553968203294,0.5282872092853883,-0.9851085677934515,-0.06733018821462278,-0.11414049866432034,1.025139587530222,-0.08792633682067737,-0.46712270704335485,-0.0017114186212606973,0.04688348270041376,-0.2741571188299789,-2.0362727028206193,0.7670806924800893,0.32311711323934167,1.5569468066262986,-2.2251041596547143,-1.195267050833084,1.7764845348176004,0.17357899122520967,0.6405759183588141,0.3785976209393348,0.8509335343410764,-0.5216336540725367,2.6890533837296835,0.36217644861470627,-1.4435302506470282,1.124266053226161,-2.0801159787639065,0.8414474681710632,0.06995657782630214,-0.7676855977333066,-0.4985559811924642,-0.2478109691751219,-0.45343094645708243,0.5395575625544197,0.3560752762055541,0.9959187176215744,0.1712540713979832,-1.2227380139209332,-1.8582085568389661,-0.931056308756938,-0.7009969263835194,-0.7006640419848582,-0.8763693230169968,1.4130617638150325,0.8893109757973165,-0.02980268489018463,-0.22740431799129115,-0.3525159733180474,0.35114641750570197,-0.00840690537707636,1.0042105344062433,0.9070690751226034,-0.5597580861381707,-0.6805275440181119,-0.25576558707759867,1.1871595182996773,0.8092842008593129,-0.6257974837984481,-0.24153399756524502,-0.2581434684098026,0.6942142360835115,-1.6740100721126685,1.6391350213754972,0.0760730797426306,2.138818014036721,-0.40677168955917786,-0.0009618154532645975,0.3637531931877049,-0.5905564418766833,1.7690929277687115,0.8178486972873293,0.10095852056338847,-1.1212858601614064,-0.13150322619436106,-1.0443469738650337,0.571171958711733,-1.5825083681771313,0.8810223130067601,-0.008749846089329529,-1.6084129945004533,-1.1009812276064923,-1.151732141985312,-0.8559272556328684
1.7154119594329231,1.3563578533263936,0.20911689900695601,0.017421418307254133,1.1261928526763654,2.0458186246036316,0.058629930790400055,-0.04156126721599599,-2.085230800103804,-0.08192645544940604,-1.5861168026291128,-2.1441915414859354,1.5508429612985202,0.7232794451739818,0.20730838982029276,-0.6247438811355037,-0.5380233007035051,-1.209344468150623,-0.38249746952159186,-0.09874056737032541,0.44224004459904687,-0.4614357582242361,-0.6890777901335444,0.16699031040184828,1.3188803975857184,0.7054862227981497,1.961322798046332,0.4529024198219175,-0.5056693828672447,0.1853507343308976,0.04900647499902768,0.3389594360276374,-0.9207553949237012,0.371635533310188,-0.03457488489596083,0.3809785729881625,-0.29068193661825714,-1.2756684279909634,0.035887766081378884,-0.19981640039637363,1.9006568226098701,1.4382994898199424,-1.2258143098447318,0.08860316577856756,-0.2625598493041522,1.1532176610718312,-2.389392683013241,-0.35072120406892593,1.231364939031149,-0.009531708227339755,-0.07812968658096188,0.8134195102014502,0.5369222697066712,0.6520881558680992,0.41964748354399956,-1.013449152635624,-0.3879252307510365,0.8645734755691492,-0.7230015644752152,0.3561516072225801,-1.7821771164741713,-1.14927261252642,0.966900509539306,-0.06428113654754426,0.8330962682017686,2.028109853722663,-0.22027832841656492,-0.4188676648502915,-0.17718278671557397,1.00370245409167,0.36179805660878767,-0.0010159853369681325,0.653614591328107,1.312896951783975,-0.6903045164905172,2.7217921356655794,-0.4395590569571771,-0.34148879919707553,-2.1819872721709666,-0.3244661256192356,0.5308652624987783,0.8641643651754385,-0.2120726157345825,1.567425964757695,-0.877020105731038,-0.6269488140690722,-1.7067704475486287,-0.2833744697530077,2.625622751668668,0.9414632676487061,1.1105835621544509,0.7914197786236773,2.0043771647448296,-1.1036947309321026,1.898940936957362,1.4172202191973768,-0.0439944374382215,-0.4057169249411963,-0.44712662932046987,-0.1390887755303394,-1.6811568442158387,0.16989064634835305,-1.488231200791199,1.0518777985900232,-0.7842679593848514,1.133826433125556,0.3784210960065683,0.7323971313842219,0.5256836232307036,-1.0640920423902096,-0.4037104484696278,0.5041027448889637,-0.704472205032496,-0.5769928486745209,-1.1509290653046302,0.6490380111767666,-1.9411923786794407,-2.1059887043958763,0.4194381388346032,-0.24170042594424168,0.1014690026084674,0.37755398835830983,1.0722643714769091,-0.46824349801420556,-1.2143387651925774,-0.5877467054674882,0.2667024620163538,-0.3656447081040526,-0.565498666192788,0.6288940240199139,-0.7520809991779595,-0.09181541204954277,-0.025668827649162132,-0.019214392703129413,1.250112971699415,-0.17911924567383458,0.37711225873915494,0.22087023258787483,-1.199712644761112,-1.5927795349520883,0.8626761135787919,0.9975354498341878,-0.19247792098199423,0.13622277366752353,-1.3519836614160876,-0.1652059131831465,-0.3450095598826619,0.42132325955741556,1.0694173644134282,0.5467652251977201,0.22265753762363097,0.6548056705938002,0.8087324872541489,0.6235620836910862,1.0793931584100553,-1.1038140477775944,0.2902228631638867,-1.304323406879114,0.18044045350609264,-1.0558902110582022,0.7505754084474064,-0.402657488053437,0.8094397940545313,0.9706646470018229,0.2315474091337401,-2.439950996263539,-1.103682421060945,-1.5245212360152764,-0.055507644317307855,0.3174182625860119,-0.013178540968631372,0.3054770195657978,-0.08226866915683215,-1.7142957867801873,1.0709974864041658,0.5173222719623846,-0.37329359978809956,0.6872915633485004,-1.1044134218196116,-0.5304559226568352,-1.5177469541323865,0.7712701854371383,1.4129954342817448,-0.8467509613335762,-0.9567274100806934,0.018282207701456086,0.7660565052570008
-0.6464714126586936,-0.711242098439404,0.004687274098851407,1.1653377981670487,0.5650754640653868,-1.440118522898095,-1.390091217360021,-0.5079750438148869,-0.15960587709567783,0.15909998121053034,-0.9338095377543965,0.7208817103366632,0.03776459773680543,1.4392506868841985,-0.3753669111200096,1.8058999100078559,0.641942505634404,0.34596968096059955,0.7261379717983428,0.40101790155429073,-0.560689015231334,-0.03950043306453554,0.18200441221119062,-0.1364659805342009,0.34079999501957686,-1.719243130944978,-0.23703319951470803,0.18324644403039544,-0.38866821132681145,2.272792536879025,-0.5341752607161826,0.5422932444009464,0.09047568159872588,1.5770879984200028,-0.20429580941245348,-0.3376340764532951,0.5994462088699484,-0.41973370159971257,-0.25364344210511547,-1.0406073993125773,-0.3557291362868992,-0.2139460693413961,-0.4433203174883759,0.9322263887249858,-0.9375318327445212,-2.2074520974237104,-1.1802688948142968,-1.0233624832565285,0.1534398103842147,0.10148421274029126,0.42318027943799563,-0.4819518579567522,-0.8095582506092244,0.6601331702310559,1.9100829880074415,-0.6712936497345087,-0.4273200781406326,0.5172400132175068,-0.21356954790969085,1.1853456535897238,1.256420706202173,1.62922758855099,0.7041793895677937,0.36942980461190955,-0.008005538523669286,-2.1162595920257776,-1.7381247998432794,0.2030310238319879,0.1121864857708832,-1.8700483388979432,-0.7786939564817097,0.504039730730921,0.6345891776949915,-1.0513814241129538,-0.3313768872207584,-0.4893514457565815,0.7836504596028323,-0.8990247397832049,-0.5011501814825359,-1.0749794954452114,-0.14266595617006295,-0.032322314285975776,-0.6599941632087375,1.3590953360609035,-0.02792076356676475,1.2961731001007508,-0.20769118215794788,-0.3889993967374624,-1.0611140659088445,1.4714431424505423,-0.14067787094362336,-1.114575759241976,0.1422045292982144,0.3804480941641617,-0.7379211578286247,-1.661934149777345,-0.1900840752219129,0.1359441313789219,-0.08576594539509293,-0.2320457856907357,2.1841562547691242,-0.8687405607900142,-0.14985552677596387,2.0574061204063883,1.2852838752397187,-1.7157009605442068,-1.143216332755686,-0.038564547138891035,0.04263651969027718,-0.38833108993318977,-0.5388511860777436,-0.2098225926340258,0.45870832244216414,-0.10574890558917402,0.5416573231720138,-0.21621686365706494,-2.045169289028067,-0.3785093267868252,-0.7884410866886179,0.40995179159705,-0.9362944293720008,1.3457658095614524,-0.23951311780028278,-0.9711119450189973,-0.18593995164035376,-0.12045300561784758,0.4280508979411616,0.4065261698380576,0.06325250504896088,0.6477463710029406,-0.3080114223321274,-0.7960837625059686,1.329341400751029,2.403862245121668,-0.15846025509176384,-0.2846250408470041,-0.24660133688246516,-1.8336814608047558,-0.031038853259406182,0.05393617097025148,-2.0463258045265427,0.3805374437343056,-2.504330876001715,-1.4037832251107798,-2.3056601221789648,0.7059957141241094,0.2445805795547153,-0.33378984285035584,-0.2664945253223492,-1.628610042638048,-0.878619628671429,0.6979427111832265,-1.5965426154394153,0.1429358678666047,-0.4440551615224733,1.1181731029874091,0.32446233076191705,-1.3182083611576525,-0.5337951528223344,-0.5682034889025572,2.190847785542333,-0.1901176030150872,1.1141549985086945,-0.22448795983910608,-0.5528322355171328,0.36133688171854617,-0.7744260300173236,0.6807575968163584,0.22356456845619366,-1.0441223156754156,0.6237435453291711,-0.5289782381581893,-0.42850910035117523,0.16672375664585135,1.6192239596235118,1.011031788594762,0.07537486767689881,-0.6316874205449897,-2.071692474564594,-0.10705642653099781,-0.023979579120387638,-0.2638254076715241,0.6929040712334634,0.7956716665307045,1.1902147876171425,1.611820315495646,0.8066933479184665
0.8119751864227992,-0.9385380024394842,0.9361120272804043,0.6526828734959831,-0.9430300674225711,0.4677303786722794,-1.2737047489383917,-0.10354805057947676,1.0792833231132315,-0.6348158087803224,-1.8009307871271445,1.1648970034046437,-0.09129314518259347,0.4583424099206606,0.08510536889517831,0.7838978602801701,1.1462486312636466,1.142522396787085,1.2685436310537472,0.1289980192691296,-0.6525148906412618,-1.053471607618843,-0.013354099408770298,-1.2514377100889302,0.3352025489000006,-0.02676534072754239,1.0815512894286787,-0.8812522949978313,-1.8182688854361595,0.5166291990363306,0.6969214820216203,-1.061329060169879,-0.49715565020523583,0.39425892318119715,1.756804513091241,-0.3928614305837337,-1.1986057304311442,1.5972053748536346,-0.7128617248387529,0.27899076128122846,-0.9339826032137881,0.15001482230099963,-0.1841224150483504,0.43105939700091456,0.1302451013256385,-0.5777108939501214,1.1528875326903123,0.3695196653252307,-1.5484915978396534,-0.8957210519276576,-1.0436968302871612,1.6616678453336577,1.4958169275340254,0.9530049011537194,2.4634925506377527,1.5987277433937974,0.31736932685081976,0.6940407582367877,-0.9666603602333019,-0.6035293990711759,0.8806200961631959,0.8531631925268758,-1.0885608097018706,-0.8604734046648727,-2.6866529951890556,-0.6771010026348422,0.3070844806255437,1.5476816529166577,-1.8615567800716628,-0.38533790782544713,-0.004587672861568309,0.5741688799608446,-0.09971312116001856,-1.4621316780494478,0.26246491484808604,-1.2027641304919292,0.8723709844142351,0.5922472511150068,0.16206179016815764,0.4008877245193788,0.6779405540494502,-1.2867522791359784,-1.0298855145839936,0.7774920085591221,2.122238433824708,-0.6323345338497265,-0.6322785950396529,-0.23324512358740626,1.1206625876101497,1.512849632546404,-0.4070364081313528,0.20888800423529066,0.7194139359668725,1.0073465288208117,1.006130611026185,0.28116028288054823,0.5209615899363899,-1.3701664216859766,0.26489797551149535,0.47786221720853456,0.0018953312202386512,-2.0992733681117146,0.15505044988053704,0.58433204963945,-0.32417032497201614,1.2724174853204155,2.019996417291682,-0.6329729570894933,0.20142086702857542,0.1898800173191234,0.7236449814637614,0.6512583077249868,-0.018943384568228503,-1.40265722853656,-0.4264387762879413,0.8766679183376889,-1.1467922627445566,-0.5580551352685159,1.6833377666380551,-0.568897349016922,1.4501482037657512,0.5027040815294079,-0.1518471916155066,1.121192547853485,0.09977178133189549,-0.15466141169783415,0.4699154828773974,0.08657777766924496,-0.4685231519667053,0.35431967101701317,0.9933159270586801,-0.9969130883951232,-0.8665859480697394,-0.17945803462785495,0.13380361692721576,1.6922198913813538,-0.41238309327763023,0.7382125062848873,-1.3249812092711037,-0.4958626405195726,0.4875320128257655,-1.1294960031917238,-0.5622054389551296,-1.3015061655310147,2.208360036935664,-0.1470582296164723,0.56458424526722,1.3929240368884581,-1.9574813175316081,0.18395394993559525,-1.08561650946021,0.06254821665069742,1.5696291656569246,-1.1007276942446576,-0.3255247877804362,0.8532371305021795,0.6545737192556549,-1.482228673411704,0.8292655747816413,0.9264718492260086,-0.6557681000359065,-0.8741962449644337,0.6153353141603,0.38915758368308284,2.563280645528828,0.2643923184328695,-0.8450202176024422,0.9920177749986985,0.9264373755704457,-1.1964310126607125,1.2681192785563913,-0.8847724659916283,1.625190522115675,0.8217385568028069,0.7693949188779656,0.1051307753563618,-0.6031245485823977,-1.9042545299802902,-1.0829644165794559,1.6320258743931784,1.768973271670371,-0.7744671132116965,0.3782237348369738,0.9082887837279803,-1.6323168955655314,-0.1684296327397375,0.06372839361177628
-0.6696140074847782,-0.17474463671222829,-0.46140418463024296,1.9783788687681574,-0.7003792062241747,1.275586018846831,-0.6665001088549212,-1.2886805650754751,-1.4873563896461788,0.6341524057504219,-1.0222609831768326,-0.9064772325408488,-1.2986332047766214,0.31591392211032415,-0.8125257803432171,-1.7202767735408024,-1.124399363297043,1.869700503855065,0.028181415476486418,1.2461102961897597,-3.202582641566688,-0.026961583102190382,0.902553438608414,-0.7716668109530849,-0.5514586903242267,-0.20302506286915,-0.4623197785458284,-0.12589160365590213,0.36046504205514235,0.004902398297195137,1.7742212960736536,-0.06744489252311858,0.1351374082020813,0.8652546981455558,2.231814740010653,-1.7283114144917515,0.8678811194248176,0.08148829244384403,0.33585172523623047,-0.1620567058755313,-0.9118161600227295,-0.9521886598991997,0.19109180515081653,0.31788847176639445,0.490102584188562,-1.707663018781092,0.3025101349963991,1.1296975810884728,1.649313092470916,0.5720694536584909,1.0997648669496036,0.7445745284955315,-0.7658261388364836,-0.5361772817518564,0.5095150140340221,-0.7706427941994296,-0.206036405036734,0.2391923725357332,-1.0066495092304586,-1.1601071441771973,-0.3732506315920875,-2.0358326265686153,-1.5114615193439778,-0.7855945009359364,-0.21544874150076113,1.5587929585028395,-0.2566900309896769,-0.5717111792587833,0.039004548503377555,-1.0837134786827198,-1.695745855373159,0.5111021735372029,0.21236079400839286,0.8699642235155604,-0.030114470909973903,1.1606248174470117,-0.09251301703730284,-0.35863524330476765,-0.8766436237173585,-1.1981816002421544,-0.2836392288131395,1.2431972286999704,0.4443751534047615,-0.4168314885368901,0.17966383654784188,-0.657070461113107,-0.7896296282897183,-0.3903274920577579,0.0819052594099782,-0.5039495016782674,0.42611716398300303,2.8562558503437727,0.0786795342630586,-0.6760764299026095,-1.890197847658206,-1.1889740010837415,-0.17243486178750822,0.6309074261934844,1.470071227010197,-0.41101122263505185,1.8844925831327273,-1.2478038541253162,-1.68306179377609,0.41050663978848634,-0.7425934725164981,-0.5124664710965523,-1.6591826239923473,-0.3700389880711523,0.8242420536159141,0.627821991154394,0.43130976975183977,0.1313009595103381,-0.3377764491737185,0.5365223534199958,-0.708985203247143,-1.2906421487543511,0.5617416379771879,0.4350551484800409,1.9635708546504163,-0.8464460502734643,-1.5124690383008912,0.37082602224447103,-1.5354485030832945,-1.80773453742016,0.7829841220252519,-0.8810197752204326,1.8295328089319316,-0.7617323729331876,1.7519753652768522,0.4821869617963851,-0.32359066754038746,0.6634289465696375,0.477590482664271,1.7353026352987413,0.030772705855041972,-0.23260682763433682,0.4101098109434825,-1.2902100418820168,0.6994963420977418,1.7673759674910294,1.3101310145294778,-0.3031830486612107,0.7203996409139999,1.969425827785858,0.6547081042057502,-0.5562556538372962,0.5356292092426094,0.8850001003485138,0.8500432679877166,-0.4765436473436725,-1.1135164353332168,0.6500198273303415,0.06789294709683398,0.4811855444824729,0.2800988736713261,-0.023411488297481457,0.4557211176451089,-0.8727807614857548,0.3829415099308634,-1.7688573185825442,-0.38953513330296685,-0.4372819532450011,1.2988393381527252,-0.7551543203978184,0.14056646543053417,-1.0797161217791813,1.6665133292027055,-0.8043154043945804,0.643214921124452,-1.5746320456931477,0.7641164007415204,-0.9268422036759281,0.10001597505500705,0.4048888257164977,-0.4870911095645766,0.6071092370388321,-0.17969265635548645,-1.335906388160281,-0.29752109261893,1.8726101191487319,0.23719985700411225,-1.8273501450918819,-0.3125510167289675,1.274661620504764,-2.100756991681385,0.8149722880137564,-0.6504057028304882
-0.08223996169185309,-0.353442006182083,-0.502502569606515,0.14882002916762954,0.2822229372691542,-0.41168241915264747,-0.5398334264037528,-0.4739808611831483,-0.2787180110685842,0.9092233562787825,1.3364615456246813,0.7687448559342754,-0.7584488254309941,0.13694410326724804,-0.29329686354707213,0.6629329081600684,0.6527024970485322,-1.1716207464621844,-1.1918481752703676,0.2126240990397153,0.9964819043088328,0.15887614847993553,0.09914305299554517,1.2076865628959843,0.08248669209524429,-0.8729679421107357,-0.41512948346829076,1.452963695416495,-0.3942215105658526,-0.8536300416004831,0.011142123585416063,-1.9123612310862412,-0.8371259900269779,-0.829513387859183,-1.5021344149362967,-0.6388447287702249,-0.36405221513029845,1.26902959804654,-0.2027420794777014,-0.08991685096049594,-1.2400806878116373,0.5898042256100682,-1.9599117417505458,-0.32697735689267626,0.15180397508365648,-0.19975794528438984,-0.2558564414314346,-1.3183844457812717,-1.0060622708470757,0.7085939077603411,0.77313012781605,-0.2852182767347556,0.25978684199793134,1.3959390614381637,-0.467039776407762,0.4375670412166928,0.24163706164495663,1.1237913327184457,0.8666846666785603,-0.31011153461992275,0.5186771493767741,0.38934158587538426,0.3854930887114807,0.37178627067893494,-1.8194487857423636,0.6168917716189926,-0.09139346343330049,2.239100364324518,-0.6176658809453998,-0.6012171229343471,0.03238460475578359,0.2579103405425485,0.7633890619715706,0.766457037654377,0.3896214077288377,-0.9830910621794269,0.05121618755019884,-0.4420015088634375,0.4399617525940992,1.9498855152668617,0.13598204661944852,0.7698775939882763,-1.3739725046320472,-0.40924108919712954,-0.4771640937823207,0.2915078108425492,-0.8625007198621826,0.02139469479479256,0.22211984338350813,-1.8164530433882278,-2.2079409038068736,1.2688076948571307,-0.136517476447891,-0.5851072682086401,0.10736812166732512,-0.18467645134900532,0.563814359181298,-0.5262546206178506,0.09597509428972029,0.256578564454677,1.3607959657567863,0.6836643005343618,-1.1139525197624045,1.7490766355933252,-0.6719299342238562,0.9846413426789818,-1.2173502729141,-0.37302269322895865,-0.28422352639020615,1.292020693340604,0.6720104630898496,0.25039816628558437,-0.2753252479746014,-2.2209884355026572,0.9988207837165719,-1.1444464199766895,2.457348745958347,-0.46796505313987813,1.3012942164693386,0.7936815113895835,1.1435072180749193,1.0362724653711821,0.3837304417450812,0.8363969770094372,-0.9023210328128061,1.6918219988472067,0.42667881172067684,0.38340378681227244,1.3931662321545977,0.08512316248371526,-1.4237648938903056,-1.4641406925024234,0.6740823825289309,0.3633635870017047,0.705839225538869,-1.7457723726114078,-1.6865958383886963,0.1465747733372002,0.14125849151365008,0.13688596296921024,-0.25421560519590614,-1.3360735234254022,0.3320251848071406,-0.07649148916115353,0.8948917154432853,-0.07419775881676524,-0.2274771361565622,0.2879209859050999,-0.8312447814243057,-0.5995502687777052,-2.044178288283457,-0.6306336406298332,-2.364422466667341,0.6644986678209703,1.0015699923694266,2.2306825765225504,-1.6112535437385518,-0.22244280709642275,0.6163862712897726,-0.7006743748070026,1.9094692234249395,0.957481475224055,-0.19875473100206922,-0.886164524071712,1.3658139001961034,-0.8016806965361478,1.3825872309490659,0.4208650910846155,0.5069189842130504,1.215086824594854,0.26669533470445933,0.8038022920407938,0.030522041614527276,0.5212652037983089,-0.9386699952880225,-1.0673308549593872,0.6628494815228464,1.4911647925055762,0.45373986708407854,0.10736305767742968,-0.3121693434563613,0.5794518880927126,-0.8533493149277241,-0.11924675472545596,-0.16885789687394753,0.9113088949566434,0.226009624061269
-0.5544106990724232,-0.5236580221363134,0.32694268022918854,0.27761106742298985,-0.7358382626854558,-0.15665396199420353,-1.0837734871623652,-1.0400258724870677,0.008727693411723263,-1.4675194847482655,-0.49615131702590726,0.16894221103194165,-0.48099652049325536,1.0178210617960821,0.5188221127640817,0.5192518278376688,0.15893163610157607,0.2359556019070068,-0.44290857732749017,2.05271922890177,-0.9078847941314634,-0.6092277890032004,-0.5062629162282156,-0.8523228725180385,0.21042937510070908,1.1316098431512702,-0.5008229729814864,1.985327374051829,-0.15338493690854982,0.1354908476393906,1.7007522973243472,-1.0497485774799764,0.17942190908349573,-0.01948163499375832,0.852713069517127,1.343563489789598,-1.6072473399110847,-0.9797585280314548,-1.0153269242473706,-0.20941081021562502,-0.4606466667565605,-1.1234394829070944,-0.8727671293130141,1.6405711858230352,1.0074571994906654,0.517262459341339,0.36721710923144196,0.2968344837278059,-0.2873447315170754,0.14810468419994213,1.2837742569737434,1.0357952591597714,-0.1532470421947566,1.0646013113909534,0.5388893867357885,-0.5155200056033579,0.8474347353015623,0.38631316886159617,0.7962775775700577,-0.36919186817199834,-0.4414278419880052,-0.08208653358625703,-1.0884677046867124,-0.3068922790903931,-0.3059011333975985,0.5223110088947466,-0.534120576556871,0.3918993460174963,-0.4278653426511847,1.6123511755588713,-0.7058486952499976,-0.6429485011208284,0.22464714059753318,-0.5139626697567291,-0.3435651886334678,-1.3735406971135888,-0.6579031371771006,-2.0155444418362722,-0.47020868963160356,0.0737878363565305,-0.56643612517868,-0.16083114962017597,-0.059117097115077594,-0.08110287547908454,0.9693648580067741,-0.7236982333101356,-0.7135708244574946,-0.43218744528178665,0.08520005402722142,1.052129088736336,-2.2841639389766826,0.39107739161746047,-0.7652194643169548,1.834693934303107,-0.05417770577224604,-0.47403604973930175,-1.7193057570337584,0.15667528518238302,-1.0671839216757386,-0.6588056179492409,1.361610373514584,-3.1206769577530533,0.46965835390293975,0.01073112296673636,0.2091415677977182,0.7668234988242796,0.8366380364291287,-0.6797502423704453,0.770755070786389,0.33443678837021773,-1.0997337764766715,-0.8173247858652749,-1.1410997725445469,-0.28090382377953604,-0.6540948777843637,1.3266145723585903,1.0101341458224957,1.0624505287454993,-0.3622121753613441,0.5945308360268253,0.2170712941385557,-1.583316297879732,1.2173849134507901,0.9201917237871395,1.080741518409085,-1.0028292406570765,-0.40103962967575496,-0.07482536306507792,-0.08399089819139105,0.6894941541659627,-0.8446897521897809,-0.4027683646848801,-1.2527938979392343,-0.06014941802381521,-0.9865474883173665,-0.7173880728446325,-0.8949516294707707,0.8127170056507751,2.4498648372931084,1.2025334852206313,1.0225666894151912,0.8729140060569018,-0.6019286994017581,0.1771729860138212,1.1840035666599147,-1.4991893349463539,-0.9649625638017664,1.8801947615839198,0.7098861884708283,1.0513134522772116,0.07453397370793069,-1.3839256151741215,-0.9194548938486156,-1.7134047318073538,-1.1753077914659606,0.8382794624077119,0.8586844934425628,0.5494621259474171,0.060948849233064505,0.09462835438402685,0.1324398856392029,-0.9538122479537213,-0.35191579982959803,-1.235367758238498,0.5743958436438463,1.3310569446691733,-1.0359561839259923,0.2468292430321235,-0.16031547074195593,2.2353142671389943,-1.6613372352639793,1.2488813740632603,1.4177408198291852,0.10630988633800896,0.14637516169084744,-0.7160804980332368,-1.492357121179843,1.4711541140038091,0.8444235431037891,0.44665237303720345,-0.36425235057801286,-2.1643172700084925,-1.1610319494126573,1.624444642846086,0.003937675125522672,0.8610501251375559,0.46088552327998866
-0.32112038944136956,-1.7010425745007582,0.9033504161419739,-2.5197277134408913,0.20795297003432198,-0.15171964298547236,0.23346957492443063,-0.9203866797205805,0.6830451812499825,-0.4972933573790944,-0.2931502213075294,0.09789692491225574,0.2692541209739162,0.06496490598156315,-1.4053323260905846,0.2974881995333934,0.02419340888590693,-0.42200545240476267,0.1771336711302768,-0.7527224641956042,-0.4225275480509151,-0.9961098701623502,-2.207132049040241,-1.3657753324890018,1.8856535486387975,0.026491745219010807,0.5001272061707315,1.711674052393674,-0.9649555522316146,1.2398054618124486,-0.569273858122794,0.896971947517942,1.4681952725336944,-0.5049008715987665,-0.6929326913818303,-0.2740680763971897,0.3584766940140344,-0.5980924539434086,0.02159434423404442,0.6301261036590419,-0.9534578296422888,-0.3158367014634863,-1.8625377815925075,0.24411645134847829,-1.2356287465946538,0.6075635297482186,2.2300839766110925,2.210152356493947,1.383823226868436,1.2388628925435554,0.6012318975626472,0.48423899786239566,1.550175304665697,-0.5363216148131663,-1.092803936309139,1.2408435899568535,0.3729587012648734,-1.0718144605695858,0.08294366074381858,2.610102272916621,2.4850712804094828,-1.3312535347244356,1.7504028904226778,-0.8498691384359631,0.1561139680109642,1.7023737892565431,-0.06471690996301464,0.3842659491998724,-0.08502892906618491,0.12272137488206414,-1.318189358649975,0.45856561639333054,-1.3584436805943914,0.6984126362297847,-0.5415405436011882,-0.28035754102306853,-1.849997063230434,1.284459715131488,-1.798117645908916,1.0512778922340007,-0.6553435321933235,0.3133735207391481,0.17291548278566435,1.978339167512307,1.9621309655094163,-0.9662265815571913,-0.3034874178711467,1.1583827730079417,-0.054096274393750955,0.022490511899242636,0.9465709673996975,-1.2779374640738455,0.2252544500141834,0.3126033149859917,-1.2944248050524578,0.704629383977255,-1.1846875792113163,-0.1173663619815835,-0.3109812202407664,0.8183931179717624,0.1923738056415021,-0.7974284449581537,-0.9982266264052337,-0.1949978149367926,0.1555544208958414,0.2182547980696852,0.5480393597651664,-0.432748775121891,-0.01501912345378872,1.091168874652601,0.4180109171089687,-0.2328874715080413,1.5989470350151298,-0.8475256509209924,-0.22847269818659383,1.1028636135654581,1.456682503787939,-2.6717589900216487,0.7489319865566717,1.451203126076394,1.6556816198422424,-1.7536573637136839,0.529492057164722,0.1303388202693101,0.7661195553844131,0.03327060700043053,-1.2622423364224011,-0.5328288828225893,0.393628871105942,-0.9908894932851168,-1.6799576517134323,0.8548366799263516,-0.20463675405844664,0.3314234555338915,-0.5141944292456917,1.6233430954594414,0.09695873708218387,0.662238534279216,0.06888277254682035,-0.9199264540996994,0.16848813953797961,-2.035283154090484,-1.1934718546438003,0.9081103561533558,1.404986081978267,0.06483733326082511,-1.0637460205815719,-0.041699885801874365,-0.17803861827614048,0.2805545311664055,-1.084484979079354,2.2265775324431396,0.39919246042681655,0.7469709048283133,-0.2702735243762187,0.03080215983880201,-1.142355298790864,0.07194423357237145,-0.4638942203697726,1.799583055138966,0.2773415137137411,-0.9730587554510691,0.6199852748870804,-0.9407797740710354,0.8101324297180382,0.9613801504522926,0.03800886035432887,-2.946177741291874,1.2670460229355591,-0.3782871532788099,1.8631255108950011,-1.7299344532558507,-0.9379529679570102,-0.7260004738190594,1.1507800610940024,0.736477403138032,0.40364130835919665,1.08925747949054,0.014484904476843244,0.3535074282122436,0.004228605164221324,0.24137523141085623,0.8321667275293371,-0.960902435470569,-0.4172188706496998,-0.5120586873518178,0.25365071699290676
